customer_id,first_name,last_name
1,Leticia,Kramer
2,Margaret,Bailly
3,Brian,Hendricks
4,Jose,Mcginley
5,George,Chen
6,Howard,Delapp
7,Zachery,Alexander
8,Helen,Baugh
9,Virginia,Vaughn
10,Andrew,Miller
11,Bonnie,Boudreau
12,Joyce,Strobel
13,Richard,Hardman
14,Daniel,Barraza
15,Micah,Hogan
16,Randy,Harmon
17,Janeen,Wheelis
18,Joe,Lundsten
19,Fred,Mcdonald
20,David,Osgood
21,Judith,Darden
22,Crystal,Boisse
23,Annie,Shepherd
24,Florine,Odonnell
25,Richard,Araujo
26,Joe,Stephenson
27,Rita,Anderson
28,Gayle,Jordan
29,Della,Castillo
30,Eleanor,Moreira
31,Malisa,Bowlin
32,Rusty,Taylor
33,Shirley,Benavidez
34,Stephen,Kennedy
35,Edward,Watson
36,Dolores,Brown
37,Paul,Jones
38,Judith,Mosley
39,Addie,Hobbins
40,Harold,Bronstein
41,Mae,Noyes
42,Vicky,Lindsey
43,Peter,Major
44,Jamie,Bjornson
45,Manuel,Waldon
46,Brian,Wibbens
47,James,Williamson
48,Kenneth,Karter
49,Marian,Desch
50,Todd,Sanders
51,Mark,Hatfield
52,Rick,Lucas
53,Judy,Gibson
54,Sherry,Hornyak
55,Pearl,Winter
56,James,Winslett
57,Marie,Blandford
58,Vincent,Grimley
59,James,Pessin
60,Rickey,Poirier
61,Cory,Handy
62,Douglas,Hyland
63,My,Tudor
64,Phyllis,Young
65,Barbara,Smock
66,Millard,Schnarr
67,David,Mazor
68,Vickie,Roux
69,Gloria,Long
70,Gary,Bream
71,Jessie,Norman
72,Evangelina,Ferretti
73,Liliana,Howard
74,Joan,Chenault
75,Matthew,Littlewood
76,Deborah,Jackson
77,Shona,Tigner
78,Dorothy,Pruitt
79,Karen,Shaver
80,James,Pope
81,Anthony,Austin
82,Corey,Gutierrez
83,Mary,Glynn
84,Ada,Rhynes
85,Allen,Renteria
86,Clara,Hazel
87,Shawanda,Rinaldi
88,Betty,Boykin
89,Glenn,Edwards
90,Rick,Bliss
91,Roosevelt,Birchall
92,Desmond,Whitfield
93,Patrick,Cohen
94,Lisa,Dahnke
95,Bryan,Betance
96,Robert,Clark
97,Josephine,Quintanilla
98,Cassie,Peiper
99,Jan,Stewart
100,Anthony,Barnes
101,Stefanie,Hester
102,Catherine,Barksdale
103,Sandra,Lawary
104,Nathan,Washington
105,Vanessa,Kelso
106,Brian,Combs
107,Jennifer,Zepeda
108,Kenneth,Hicks
109,Carol,Jones
110,Sheryl,Villarreal
111,Brenna,Glenn
112,Kristen,Butler
113,Scott,Stonge
114,Dallas,Sawyer
115,Mack,Monopoli
116,Craig,Frankenfield
117,Michael,Orr
118,May,Frazier
119,Stephen,Williams
120,Gary,Buchan
121,Casey,Lue
122,Jessica,Keys
123,Robert,Hays
124,Natalie,Conner
125,Daniel,Newyear
126,Selma,Barr
127,Brett,Chapman
128,Lloyd,Edwards
129,Terry,Kelley
130,Rodney,Dykes
131,Francis,Rodgers
132,John,Ackerman
133,Shawn,Naquin
134,Dean,Hunter
135,Joella,Stuck
136,Nathan,Mccraney
137,Hugh,Roberts
138,Bettye,Chapman
139,Daniel,Hinds
140,Sheryl,Case
141,Peter,Albright
142,Anna,Deberry
143,Patricia,Engelking
144,Michael,Dickinson
145,Rita,Best
146,Miranda,Aaron
147,Lindsey,Ballard
148,Michael,Gunderson
149,Darlene,Hammock
150,Beverly,Sawyer
151,Sandy,Hernandez
152,Brian,Goehring
153,Shannon,Harris
154,Edna,Dadson
155,Patricia,Jahr
156,Ervin,Wells
157,Shirley,Toombs
158,Michelle,Gamboa
159,Verna,Eaton
160,Edward,Irvin
161,Janice,Mckinney
162,Victoria,Valentine
163,Gerald,Valencia
164,Carmen,Castleberry
165,Harry,Ingle
166,Frederick,Alder
167,Georgia,Willie
168,Ernest,Bethel
169,Andrew,Tylwalk
170,Stephen,Morris
171,Robert,Shepard
172,Jeanne,Windham
173,Desiree,Rios
174,Justin,Gomez
175,Paul,Marion
176,Wallace,Hernandez
177,Trent,King
178,Brenda,Bobo
179,Everett,Banchero
180,Hoyt,Austin
181,Austin,Weese
182,Ruth,King
183,David,Gullickson
184,Christopher,Villalpando
185,Marcie,Chatham
186,George,Camus
187,Jacob,Duckett
188,Eric,Hills
189,Martha,Brown
190,Elsie,Merry
191,Cesar,Sperrey
192,Latonya,Santana
193,Stephan,Rogers
194,Helen,Gauthier
195,Jennifer,Everett
196,Patsy,Matos
197,Morris,Thomas
198,Steven,Klapp
199,Jena,Chisolm
200,Robert,Adams
201,Joyce,Bodkin
202,Roy,Svobodny
203,Helen,Hicks
204,Janice,Longstreet
205,James,Valliere
206,Nicholas,Thurn
207,Peggy,Parker
208,Michael,Brinton
209,Jacqueline,Anderson
210,Robert,Ness
211,Edward,Green
212,John,Collin
213,Steve,Reutzel
214,Ramona,Mcmullin
215,Denise,Cruz
216,Mary,Wilson
217,Robert,Phillips
218,Martha,Weatherby
219,Ryan,Matthews
220,Diane,Medina
221,William,Harlin
222,Ashley,Walker
223,Corey,Hahn
224,Albert,Spear
225,Charles,Zack
226,Robert,Metcalfe
227,John,Schumacher
228,Pamela,Kneip
229,Rickey,Jacocks
230,Kristina,Obrien
231,Melony,Goines
232,Cheryl,Ware
233,Charlott,Lott
234,Jean,Lowery
235,John,Stubbs
236,Rhonda,Mellott
237,Christian,Owens
238,Lynette,Greene
239,Beverly,Braddy
240,Leon,Magrath
241,Tyrone,Ellis
242,Heather,Hu
243,Lilian,Moore
244,Alison,Fowler
245,Phillip,Fleming
246,Anita,Koh
247,Christina,Gardner
248,Donald,Cockerill
249,Louise,Cole
250,Lisa,Archibald
251,Derek,Cochran
252,Michael,Eubank
253,Sarah,Rutland
254,Annice,Fowler
255,Willie,Sanders
256,Lashay,Jones
257,Marjorie,Talley
258,Robert,Adams
259,Brenda,Faupel
260,Peter,Whitt
261,Rose,Green
262,Melissa,Leishman
263,Judy,Wilson
264,Lillian,Santos
265,Darrell,Stepler
266,Cecil,Sellers
267,Christopher,Davis
268,Bernice,Williamson
269,Michael,White
270,Richard,Fisk
271,Antoinette,Quintero
272,Kenneth,Pounds
273,Ralph,Spencer
274,Ngoc,Garcia
275,Ernestine,Landes
276,Rhonda,Tamborlane
277,David,Estes
278,Faye,Lesage
279,Sean,Vanhoose
280,Donald,Feddersen
281,Sarah,Hughes
282,Robert,Gilden
283,Dolores,Fields
284,Cornelia,Bolin
285,Carrol,Miller
286,Gerald,Jones
287,Elmo,Washington
288,Amanda,Casanova
289,Janet,Freeman
290,Ericka,Ellington
291,Chong,Byrd
292,Art,Farina
293,Dorothy,Smith
294,Mary,Conway
295,Carla,Bell
296,Gilberto,Rhymer
297,Ashley,Mcgrew
298,Miguel,Evans
299,Richard,Drown
300,Lorena,Travers
301,Todd,Egleston
302,Lindsey,Rizzo
303,Steven,Doak
304,Marie,Walton
305,Olen,Bishop
306,Edward,Mecca
307,Christian,Flies
308,Michael,Michel
309,Erin,Mose
310,Stephen,Cline
311,Robbie,Johnson
312,Bobbie,Dunn
313,Sandra,Bing
314,Julian,Brinks
315,Lily,Ballintyn
316,Patrick,Ochs
317,Geneva,Barfield
318,Sean,Akins
319,Nicholas,Williams
320,James,Dillard
321,William,Cotton
322,Lisa,Gang
323,Brandi,James
324,Alice,Matley
325,Virginia,Foreman
326,Daphine,Davis
327,Phyllis,Lucero
328,Raymond,Jimenez
329,Kenneth,Bagley
330,Stanley,Jones
331,Susan,Hicks
332,Joan,Blanton
333,Marilyn,Esmond
334,James,Daye
335,Jacqueline,Goins
336,Brandon,Keene
337,Richard,Barraza
338,Wayne,Ramirez
339,Jennifer,Epps
340,James,Pollard
341,Larry,Hatcher
342,Michelle,Lewis
343,Geraldine,Haynes
344,Deborah,Lee
345,William,Lerch
346,Vera,Perez
347,Allen,Keiper
348,Roberto,Bartlett
349,Allen,Elmore
350,Celia,Escobedo
351,John,Purvis
352,Wilson,Richardson
353,Lisa,Cook
354,John,Alvear
355,Marjorie,Clark
356,Robert,Maldonado
357,Erma,Shaw
358,Lois,Thill
359,Stella,Schulman
360,Paula,Montalvo
361,Hollie,Briggeman
362,Pamela,Reyes
363,Bruna,Hartman
364,Melinda,Mcdowell
365,Roland,Hodson
366,Kevin,Gorder
367,David,Mcgonagle
368,Steve,Gagne
369,Edythe,Rehart
370,Sammie,Leingang
371,Brad,Fouche
372,Melissa,Dotson
373,Jill,Talbert
374,John,Vargas
375,Sally,Ardrey
376,Mary,Tom
377,Timothy,Davis
378,Alice,Brown
379,Gerry,Young
380,Elizabeth,Daniels
381,Patsy,King
382,Nicole,Campbell
383,David,Fawcett
384,Tara,Snyder
385,Sally,Sosa
386,Richard,Mcdougal
387,Rita,Hunt
388,Norma,Granger
389,Jonathan,Farinas
390,Larry,Martin
391,Melissa,Glantz
392,Laura,Nighman
393,Yolonda,Beidleman
394,Ethel,Ellzey
395,Kelly,Isom
396,Eric,Flowers
397,Lori,Marien
398,Paul,Tatem
399,Raymond,Daigle
400,Marco,Magana
401,Mark,Hoot
402,Linda,Thompson
403,Richard,Neville
404,Daniel,Gomez
405,Alexander,Fields
406,Emily,Maulden
407,Jan,Salk
408,Chad,Anderson
409,Israel,Heiden
410,Emory,Richburg
411,Linda,Hill
412,Joseph,Stern
413,Mallory,Young
414,Johnnie,Hammond
415,William,Thompkins
416,Edwin,Kendall
417,Paul,Williams
418,Irene,Uribe
419,Gretchen,Butler
420,Nanette,Proudfoot
421,Billy,Young
422,Donna,Milner
423,Loretta,Davis
424,Phillip,Simkins
425,Marty,Howard
426,Harold,Warren
427,John,Whitten
428,Anthony,Holland
429,Nicole,Shuster
430,Jose,Rios
431,Charles,Washington
432,Eddie,Voss
433,Velda,Perkins
434,Heather,Kruger
435,Lessie,Belcher
436,Wesley,Lillpop
437,Wanda,Gorder
438,Ellen,Eanes
439,Helen,Brown
440,Lisa,Sampson
441,Grady,Gessford
442,Walter,Suben
443,Ruby,Lowe
444,Marcelo,Meissner
445,John,Morrison
446,Troy,Dail
447,Stephanie,Wigfall
448,Martin,Moore
449,Alex,Thorsen
450,Zoila,Garcia
451,John,Miller
452,Thomas,Ackland
453,Margo,Parks
454,Alice,Henderson
455,John,Hernandez
456,Karen,Powell
457,Will,Lopes
458,Roger,Sauceda
459,John,Chapman
460,Susie,Carrico
461,William,Berger
462,Joyce,Moscowitz
463,Fernando,Armstrong
464,Barbara,Gillman
465,Lawrence,Roberson
466,Gerald,Smart
467,Darlene,Schwarz
468,Kristi,Dowling
469,Sidney,Andrus
470,Grace,Brown
471,Jesus,Cucuzza
472,Robin,Sutton
473,James,Wickham
474,Gregory,Mclellan
475,Thomas,Carpentier
476,Kacie,Stuart
477,Kenny,Pierson
478,James,Tillman
479,George,Lewis
480,Isobel,Tang
481,Jimmy,Fortunato
482,Shirley,Capulong
483,Arnold,Moreno
484,Crystal,Brant
485,John,Jacques
486,Sandra,Wiggins
487,Milo,Merrill
488,Jenny,Patel
489,Benjamin,Rybicki
490,Fred,Edwards
491,John,Baer
492,David,Shepard
493,Alfred,Pettigrew
494,Sylvia,Goodwin
495,Jackson,Johnson
496,William,Cates
497,Richard,Lugo
498,Richard,Visitacion
499,Patricia,Davidson
500,Shirley,Piper
